<?xml version="1.0" encoding="UTF-8"?>
<configurationDescriptor version="62">
  <logicalFolder name="root" displayName="root" projectFiles="true">
    <logicalFolder name="HeaderFiles"
                   displayName="Header Files"
                   projectFiles="true">
      <itemPath>delay.h</itemPath>
      <itemPath>lcd.h</itemPath>
      <itemPath>lcd_intern.h</itemPath>
    </logicalFolder>
    <logicalFolder name="LinkerScript"
                   displayName="Linker Files"
                   projectFiles="true">
    </logicalFolder>
    <logicalFolder name="SourceFiles"
                   displayName="Source Files"
                   projectFiles="true">
      <itemPath>delay.c</itemPath>
      <itemPath>LCDcommand.c</itemPath>
      <itemPath>LCDcountedstring.c</itemPath>
      <itemPath>LCDinit.c</itemPath>
      <itemPath>LCDletter.c</itemPath>
      <itemPath>LCDputs.c</itemPath>
      <itemPath>LCDpulseEnableBit.c</itemPath>
    </logicalFolder>
    <logicalFolder name="ExternalFiles"
                   displayName="Important Files"
                   projectFiles="false">
      <itemPath>Makefile</itemPath>
    </logicalFolder>
  </logicalFolder>
  <projectmakefile>Makefile</projectmakefile>
  <confs>
    <conf name="default" type="3">
      <toolsSet>
        <developmentServer>localhost</developmentServer>
        <targetDevice>dsPIC33FJ256GP710</targetDevice>
        <targetHeader></targetHeader>
        <platformTool>ICD3PlatformTool</platformTool>
        <languageToolchain>C30</languageToolchain>
        <languageToolchainVersion></languageToolchainVersion>
        <platform>2</platform>
      </toolsSet>
      <compileType>
        <archiverTool>
        </archiverTool>
      </compileType>
      <makeCustomizationType>
        <makeCustomizationPreStepEnabled>false</makeCustomizationPreStepEnabled>
        <makeCustomizationPreStep></makeCustomizationPreStep>
        <makeCustomizationPostStepEnabled>false</makeCustomizationPostStepEnabled>
        <makeCustomizationPostStep></makeCustomizationPostStep>
        <makeCustomizationPutChecksumInUserID>false</makeCustomizationPutChecksumInUserID>
        <makeCustomizationEnableLongLines>false</makeCustomizationEnableLongLines>
        <makeCustomizationNormalizeHexFile>false</makeCustomizationNormalizeHexFile>
      </makeCustomizationType>
      <C30>
      </C30>
      <C30-AS>
      </C30-AS>
      <C30-LD>
      </C30-LD>
      <C30Global>
      </C30Global>
      <ICD3PlatformTool>
      </ICD3PlatformTool>
    </conf>
  </confs>
</configurationDescriptor>
