<?xml version="1.0" encoding="UTF-8"?>
<project-private xmlns="http://www.netbeans.org/ns/project-private/1">
    <editor-bookmarks xmlns="http://www.netbeans.org/ns/editor-bookmarks/1"/>
    <open-files xmlns="http://www.netbeans.org/ns/projectui-open-files/1">
        <file>file:/home/jjmcd/Projects/PIC/dsPIC/Ex16-LCD-Ana.X/main.c</file>
        <file>file:/home/jjmcd/Projects/PIC/dsPIC/Ex16-LCD-Ana.X/00readme.c</file>
        <file>file:/home/jjmcd/Projects/PIC/dsPIC/Ex16-LCD-Ana.X/ADC1Interrupt.c</file>
        <file>file:/home/jjmcd/Projects/PIC/dsPIC/Ex16-LCD-Ana.X/Initialize.c</file>
        <file>file:/home/jjmcd/Projects/PIC/dsPIC/Ex16-LCD-Ana.X/Ex16-LCD-Ana.h</file>
    </open-files>
</project-private>
